<?xml version="1.0" encoding="UTF-8"?>
<jcr:root xmlns:sling="http://sling.apache.org/jcr/sling/1.0" xmlns:cq="http://www.day.com/jcr/cq/1.0" xmlns:jcr="http://www.jcp.org/jcr/1.0" xmlns:nt="http://www.jcp.org/jcr/nt/1.0"
    jcr:primaryType="cq:Page">
    <jcr:content
        cq:lastModified="{Date}2017-08-03T14:42:46.626-04:00"
        cq:lastModifiedBy="admin"
        cq:template="/libs/wcm/core/templates/designpage"
        jcr:primaryType="cq:PageContent"
        jcr:title="ohgre"
        sling:resourceType="wcm/core/components/designer">
        <page jcr:primaryType="nt:unstructured">
            <content
                jcr:lastModified="{Date}2017-08-03T14:42:46.618-04:00"
                jcr:lastModifiedBy="admin"
                jcr:primaryType="nt:unstructured"
                sling:resourceType="wcm/foundation/components/parsys"
                components="[group:OhGre,group:OhGre Column]">
                <section jcr:primaryType="nt:unstructured"/>
                <colctrl
                    jcr:lastModified="{Date}2017-07-17T16:42:54.711+05:30"
                    jcr:lastModifiedBy="admin"
                    jcr:primaryType="nt:unstructured"
                    layouts="2;cq-colctrl-lt0&#x9;2 Columns (50%, 50%),&#xa;3;cq-colctrl-lt1&#x9;3 Columns (33%, 33%, 33%),&#xa;4;cq-colctrl-lt2&#x9;4 Columns (25%, 25%, 25%,25%)"/>
            </content>
        </page>
        <promolandingpage jcr:primaryType="nt:unstructured">
            <content
                jcr:lastModified="{Date}2017-08-01T17:32:01.281-04:00"
                jcr:lastModifiedBy="admin"
                jcr:primaryType="nt:unstructured"
                sling:resourceType="wcm/foundation/components/parsys"
                components="[group:OhGre,group:OhGre Column]">
                <section jcr:primaryType="nt:unstructured"/>
            </content>
        </promolandingpage>
    </jcr:content>
    <clientlibs/>
    <controller/>
</jcr:root>
