<?xml version="1.0" encoding="UTF-8"?>
<jcr:root xmlns:sling="http://sling.apache.org/jcr/sling/1.0" xmlns:jcr="http://www.jcp.org/jcr/1.0" xmlns:nt="http://www.jcp.org/jcr/nt/1.0"
    jcr:primaryType="sling:OrderedFolder">
    <jcr:content jcr:primaryType="nt:unstructured"/>
    <background_angle.svg/>
    <background_angle_body.svg/>
    <ohio-logo.png/>
    <ohio-logo-white.png/>
    <bbb.png/>
    <background_angle_gray.svg/>
    <delta-logo.png/>
    <phone.svg/>
    <radio-button-off.svg/>
    <radio-button-off-wht.svg/>
    <radio-button-on.svg/>
    <triangle.svg/>
</jcr:root>
