<?xml version="1.0" encoding="UTF-8"?>
<jcr:root xmlns:sling="http://sling.apache.org/jcr/sling/1.0" xmlns:cq="http://www.day.com/jcr/cq/1.0" xmlns:jcr="http://www.jcp.org/jcr/1.0" xmlns:nt="http://www.jcp.org/jcr/nt/1.0"
    jcr:primaryType="cq:Page">
    <jcr:content
        cq:contextHubPath="/etc/cloudsettings/default/contexthub"
        cq:contextHubSegmentsPath="/etc/segmentation/contexthub"
        cq:lastModified="{Date}2017-07-26T09:25:24.937+05:30"
        cq:lastModifiedBy="admin"
        cq:template="/apps/ohgre/templates/homepage"
        jcr:primaryType="cq:PageContent"
        jcr:title="Grand Rapids Energy"
        sling:resourceType="/apps/ohgre/components/structure/page"
        portalname="gre">
        <content
            jcr:primaryType="nt:unstructured"
            sling:resourceType="wcm/foundation/components/parsys">
            <herocarousel
                jcr:created="{Date}2017-07-23T18:28:26.989+05:30"
                jcr:createdBy="admin"
                jcr:lastModified="{Date}2017-07-23T18:41:29.052+05:30"
                jcr:lastModifiedBy="admin"
                jcr:primaryType="nt:unstructured"
                sling:resourceType="ohgre/components/herocarousel"
                iItems="[{&quot;title&quot;:&quot;Sign up today &amp; get 2\,500 Delta Skymiles.&quot;\,&quot;description&quot;:&quot;Plus\, earn miles every time you pay your bill.&quot;\,&quot;imagepath&quot;:&quot;/content/dam/ohgre/home/delta-image.jpg&quot;\,&quot;buttontitle&quot;:&quot;SEE OFFER&quot;\,&quot;buttonpath&quot;:&quot;&quot;},{&quot;title&quot;:&quot;slide2&quot;\,&quot;description&quot;:&quot;Plus\, earn miles every time you pay your bill.&quot;\,&quot;imagepath&quot;:&quot;/content/dam/ohgre/home/delta-image.jpg&quot;\,&quot;buttontitle&quot;:&quot;SEE OFFER&quot;\,&quot;buttonpath&quot;:&quot;&quot;}]"/>
            <promocode
                jcr:created="{Date}2017-07-23T18:42:01.956+05:30"
                jcr:createdBy="admin"
                jcr:lastModified="{Date}2017-07-23T18:42:24.980+05:30"
                jcr:lastModifiedBy="admin"
                jcr:primaryType="nt:unstructured"
                sling:resourceType="ohgre/components/promocode"
                description="Did you receive a flyer in the mail from use? Please enter the promo code from the flyer below to view your special offer rates."
                heading="I received an offer in the mail"/>
            <colctrl
                jcr:created="{Date}2017-07-23T18:42:46.076+05:30"
                jcr:createdBy="admin"
                jcr:lastModified="{Date}2017-07-23T18:42:58.324+05:30"
                jcr:lastModifiedBy="admin"
                jcr:primaryType="nt:unstructured"
                sling:resourceType="ohgre/components/colctrl"
                layout="2;cq-colctrl-lt0"/>
            <cardpromo
                jcr:created="{Date}2017-07-23T18:43:08.192+05:30"
                jcr:createdBy="admin"
                jcr:lastModified="{Date}2017-07-23T18:44:04.896+05:30"
                jcr:lastModifiedBy="admin"
                jcr:primaryType="nt:unstructured"
                sling:resourceType="ohgre/components/cardpromo"
                buttontitle="SEE OFFER"
                description="Lorem ipsum dolor sit amet, consectetur adipiscing elit. Vivamus mollis egestas sem Lorem ipsum dolor sit amet, cons"
                heading="Refer a Friend"
                imagepath="/content/dam/ohgre/home/card_raf.jpg"/>
            <col_break15008155783250
                jcr:primaryType="nt:unstructured"
                sling:resourceType="ohgre/components/colctrl"
                controlType="break"/>
            <cardpromo_plans
                jcr:created="{Date}2017-07-23T18:43:13.617+05:30"
                jcr:createdBy="admin"
                jcr:lastModified="{Date}2017-07-23T18:44:33.833+05:30"
                jcr:lastModifiedBy="admin"
                jcr:primaryType="nt:unstructured"
                sling:resourceType="ohgre/components/cardpromo-plans"
                description="Lorem ipsum dolor sit amet, cons ectetur adipiscing elit."
                heading="Fixed Rate Plans"/>
            <col_end15008155660770
                jcr:primaryType="nt:unstructured"
                sling:resourceType="ohgre/components/colctrl"
                controlType="end"/>
            <signup
                jcr:created="{Date}2017-07-23T18:46:36.241+05:30"
                jcr:createdBy="admin"
                jcr:lastModified="{Date}2017-07-23T18:46:50.491+05:30"
                jcr:lastModifiedBy="admin"
                jcr:primaryType="nt:unstructured"
                sling:resourceType="ohgre/components/signup"
                description="Sign up to stay informed of promos &amp; offers"/>
        </content>
    </jcr:content>
    <rate-plans/>
    <plans-detail/>
    <promolandingpage/>
    <promolandingpagewithplans/>
    <refer-a-friend/>
    <moving/>
    <what-is-choice/>
    <why-choose-us/>
    <how-it-works/>
    <contact-us/>
    <terms-of-use/>
    <privacy-policy/>
    <gre-faq-page/>
    <promo_landing/>
    <promo-landing-apples/>
    <raf-promotion/>
</jcr:root>
