<?xml version="1.0" encoding="UTF-8"?>
<jcr:root xmlns:sling="http://sling.apache.org/jcr/sling/1.0" xmlns:cq="http://www.day.com/jcr/cq/1.0" xmlns:jcr="http://www.jcp.org/jcr/1.0" xmlns:nt="http://www.jcp.org/jcr/nt/1.0"
    jcr:primaryType="nt:unstructured"
    sling:resourceType="cq/gui/components/authoring/dialog">
    <content
        jcr:primaryType="nt:unstructured"
        sling:resourceType="granite/ui/components/foundation/container">
        <layout
            jcr:primaryType="nt:unstructured"
            sling:resourceType="granite/ui/components/foundation/layouts/tabs"
            type="nav"/>
        <items jcr:primaryType="nt:unstructured">
            <termslist
                jcr:primaryType="nt:unstructured"
                jcr:title="Terms List"
                sling:resourceType="granite/ui/components/foundation/section">
                <layout
                    jcr:primaryType="nt:unstructured"
                    sling:resourceType="granite/ui/components/foundation/layouts/fixedcolumns"/>
                <items jcr:primaryType="nt:unstructured">
                    <column
                        jcr:primaryType="nt:unstructured"
                        sling:resourceType="granite/ui/components/foundation/container">
                        <items jcr:primaryType="nt:unstructured">
                            <fieldset
                                jcr:primaryType="nt:unstructured"
                                jcr:title="Terms And Condition Data"
                                sling:resourceType="granite/ui/components/foundation/form/fieldset">
                                <layout
                                    jcr:primaryType="nt:unstructured"
                                    sling:resourceType="granite/ui/components/foundation/layouts/fixedcolumns"/>
                                <items jcr:primaryType="nt:unstructured">
                                    <column
                                        jcr:primaryType="nt:unstructured"
                                        sling:resourceType="granite/ui/components/foundation/container">
                                        <items jcr:primaryType="nt:unstructured">
                                            <heading
                                                jcr:primaryType="nt:unstructured"
                                                sling:resourceType="granite/ui/components/foundation/form/textfield"
                                                fieldLabel="Heading"
                                                name="./heading"/>
                                            <updateddate
                                                jcr:primaryType="nt:unstructured"
                                                sling:resourceType="granite/ui/components/foundation/form/textfield"
                                                fieldLabel="Updated Date"
                                                name="./updateddate"/>
                                            <description
                                                jcr:primaryType="nt:unstructured"
                                                sling:resourceType="cq/gui/components/authoring/dialog/richtext"
                                                fieldLabel="Description"
                                                name="./description"
                                                useFixedInlineToolbar="{Boolean}true">
                                                <rtePlugins jcr:primaryType="nt:unstructured">
                                                    <format
                                                        jcr:primaryType="nt:unstructured"
                                                        features="*"/>
                                                    <justify
                                                        jcr:primaryType="nt:unstructured"
                                                        features="*"/>
                                                    <lists
                                                        jcr:primaryType="nt:unstructured"
                                                        features="*"/>
                                                    <paraformat
                                                        jcr:primaryType="nt:unstructured"
                                                        features="*"/>
                                                    <links
                                                        jcr:primaryType="nt:unstructured"
                                                        features="*"/>
                                                    <table
                                                        jcr:primaryType="nt:unstructured"
                                                        features="-">
                                                        <hiddenHeaderConfig
                                                            jcr:primaryType="nt:unstructured"
                                                            hiddenHeaderClassName="cq-wcm-foundation-aria-visuallyhidden"
                                                            hiddenHeaderEditingCSS="coral-RichText-hiddenHeader--editing"/>
                                                    </table>
                                                </rtePlugins>
                                                <uiSettings jcr:primaryType="nt:unstructured">
                                                    <cui jcr:primaryType="nt:unstructured">
                                                        <inline
                                                            jcr:primaryType="nt:unstructured"
                                                            toolbar="[format#bold,format#italic,format#underline,#justify,#lists,links#modifylink,links#unlink,#paraformat]">
                                                            <popovers jcr:primaryType="nt:unstructured">
                                                                <justify
                                                                    jcr:primaryType="nt:unstructured"
                                                                    items="[justify#justifyleft,justify#justifycenter,justify#justifyright]"
                                                                    ref="justify"/>
                                                                <lists
                                                                    jcr:primaryType="nt:unstructured"
                                                                    items="[lists#unordered,lists#ordered,lists#outdent,lists#indent]"
                                                                    ref="lists"/>
                                                                <paraformat
                                                                    jcr:primaryType="nt:unstructured"
                                                                    items="paraformat:getFormats:paraformat-pulldown"
                                                                    ref="paraformat"/>
                                                            </popovers>
                                                        </inline>
                                                        <dialogFullScreen
                                                            jcr:primaryType="nt:unstructured"
                                                            toolbar="[format#bold,format#italic,format#underline,justify#justifyleft,justify#justifycenter,justify#justifyright,lists#unordered,lists#ordered,lists#outdent,lists#indent,links#modifylink,links#unlink,table#createoredit,#paraformat,image#imageProps]">
                                                            <popovers jcr:primaryType="nt:unstructured">
                                                                <paraformat
                                                                    jcr:primaryType="nt:unstructured"
                                                                    items="paraformat:getFormats:paraformat-pulldown"
                                                                    ref="paraformat"/>
                                                            </popovers>
                                                        </dialogFullScreen>
                                                        <tableEditOptions
                                                            jcr:primaryType="nt:unstructured"
                                                            toolbar="[table#insertcolumn-before,table#insertcolumn-after,table#removecolumn,-,table#insertrow-before,table#insertrow-after,table#removerow,-,table#mergecells-right,table#mergecells-down,table#mergecells,table#splitcell-horizontal,table#splitcell-vertical,-,table#selectrow,table#selectcolumn,-,table#ensureparagraph,-,table#modifytableandcell,table#removetable,-,undo#undo,undo#redo,-,table#exitTableEditing,-]"/>
                                                    </cui>
                                                </uiSettings>
                                            </description>
                                            <termsandcondition
                                                jcr:primaryType="nt:unstructured"
                                                sling:resourceType="granite/ui/components/foundation/form/multifield"
                                                class="full-width"
                                                fieldDescription="Click '+' to add a new page"
                                                fieldLabel="Terms and Condition Data">
                                                <field
                                                    jcr:primaryType="nt:unstructured"
                                                    sling:resourceType="granite/ui/components/foundation/form/fieldset"
                                                    eaem-nested=""
                                                    name="./termslist">
                                                    <layout
                                                        jcr:primaryType="nt:unstructured"
                                                        sling:resourceType="granite/ui/components/foundation/layouts/fixedcolumns"
                                                        method="absolute"/>
                                                    <items jcr:primaryType="nt:unstructured">
                                                        <column
                                                            jcr:primaryType="nt:unstructured"
                                                            sling:resourceType="granite/ui/components/foundation/container"
                                                            width="{Long}900">
                                                            <items jcr:primaryType="nt:unstructured">
                                                                <title
                                                                    jcr:primaryType="nt:unstructured"
                                                                    sling:resourceType="granite/ui/components/foundation/form/textfield"
                                                                    fieldLabel="Title or Question"
                                                                    name="./termstitle"/>
                                                                <description
                                                                    jcr:primaryType="nt:unstructured"
                                                                    sling:resourceType="cq/gui/components/authoring/dialog/richtext"
                                                                    fieldLabel="Description or Answer"
                                                                    name="./termsdescription"
                                                                    useFixedInlineToolbar="{Boolean}true">
                                                                    <rtePlugins jcr:primaryType="nt:unstructured">
                                                                        <format
                                                                            jcr:primaryType="nt:unstructured"
                                                                            features="*"/>
                                                                        <justify
                                                                            jcr:primaryType="nt:unstructured"
                                                                            features="*"/>
                                                                        <lists
                                                                            jcr:primaryType="nt:unstructured"
                                                                            features="*"/>
                                                                        <paraformat
                                                                            jcr:primaryType="nt:unstructured"
                                                                            features="*"/>
                                                                        <links
                                                                            jcr:primaryType="nt:unstructured"
                                                                            features="*"/>
                                                                        <table
                                                                            jcr:primaryType="nt:unstructured"
                                                                            features="-">
                                                                            <hiddenHeaderConfig
                                                                                jcr:primaryType="nt:unstructured"
                                                                                hiddenHeaderClassName="cq-wcm-foundation-aria-visuallyhidden"
                                                                                hiddenHeaderEditingCSS="coral-RichText-hiddenHeader--editing"/>
                                                                        </table>
                                                                    </rtePlugins>
                                                                    <uiSettings jcr:primaryType="nt:unstructured">
                                                                        <cui jcr:primaryType="nt:unstructured">
                                                                            <inline
                                                                                jcr:primaryType="nt:unstructured"
                                                                                toolbar="[format#bold,format#italic,format#underline,#justify,#lists,links#modifylink,links#unlink,#paraformat]">
                                                                                <popovers jcr:primaryType="nt:unstructured">
                                                                                    <justify
                                                                                        jcr:primaryType="nt:unstructured"
                                                                                        items="[justify#justifyleft,justify#justifycenter,justify#justifyright]"
                                                                                        ref="justify"/>
                                                                                    <lists
                                                                                        jcr:primaryType="nt:unstructured"
                                                                                        items="[lists#unordered,lists#ordered,lists#outdent,lists#indent]"
                                                                                        ref="lists"/>
                                                                                    <paraformat
                                                                                        jcr:primaryType="nt:unstructured"
                                                                                        items="paraformat:getFormats:paraformat-pulldown"
                                                                                        ref="paraformat"/>
                                                                                </popovers>
                                                                            </inline>
                                                                            <dialogFullScreen
                                                                                jcr:primaryType="nt:unstructured"
                                                                                toolbar="[format#bold,format#italic,format#underline,justify#justifyleft,justify#justifycenter,justify#justifyright,lists#unordered,lists#ordered,lists#outdent,lists#indent,links#modifylink,links#unlink,table#createoredit,#paraformat,image#imageProps]">
                                                                                <popovers jcr:primaryType="nt:unstructured">
                                                                                    <paraformat
                                                                                        jcr:primaryType="nt:unstructured"
                                                                                        items="paraformat:getFormats:paraformat-pulldown"
                                                                                        ref="paraformat"/>
                                                                                </popovers>
                                                                            </dialogFullScreen>
                                                                            <tableEditOptions
                                                                                jcr:primaryType="nt:unstructured"
                                                                                toolbar="[table#insertcolumn-before,table#insertcolumn-after,table#removecolumn,-,table#insertrow-before,table#insertrow-after,table#removerow,-,table#mergecells-right,table#mergecells-down,table#mergecells,table#splitcell-horizontal,table#splitcell-vertical,-,table#selectrow,table#selectcolumn,-,table#ensureparagraph,-,table#modifytableandcell,table#removetable,-,undo#undo,undo#redo,-,table#exitTableEditing,-]"/>
                                                                        </cui>
                                                                    </uiSettings>
                                                                </description>
                                                            </items>
                                                        </column>
                                                    </items>
                                                </field>
                                            </termsandcondition>
                                        </items>
                                    </column>
                                </items>
                            </fieldset>
                        </items>
                    </column>
                </items>
            </termslist>
        </items>
    </content>
</jcr:root>
